residue_number	HLA-DQA1*01:01:01:01	HLA-DQA1*01:02:01:01	HLA-DQA1*01:03:01:01	HLA-DQA1*01:04:01:01	HLA-DQA1*02:01:01:01	HLA-DQA1*03:01:01:01	HLA-DQA1*03:02:01:01	HLA-DQA1*04:01:01:01	HLA-DQA1*05:01:01:01	HLA-DQA1*05:03:01:01	HLA-DQA1*05:05:01:01	HLA-DQA1*06:01:01:01
-22	M	M	M	M	M	M	M	M	M	M	M	M
-21	I	I	I	I	I	I	I	I	I	I	I	I
-20	L	L	L	L	L	L	L	L	L	L	L	L
-19	N	N	N	N	N	N	N	N	N	N	N	N
-18	K	K	K	K	K	K	K	K	K	K	K	K
-17	A	A	A	A	A	A	A	A	A	A	A	A
-16	L	L	L	L	L	L	L	L	L	L	L	L
-15	L	L	L	L	M	M	M	L	M	M	M	L
-14	L	L	L	L	L	L	L	L	L	L	L	L
-13	G	G	G	G	G	G	G	G	G	G	G	G
-12	A	A	A	A	A	A	A	A	A	A	T	A
-11	L	L	L	L	L	L	L	L	L	L	L	L
-10	A	A	A	A	A	A	A	A	A	A	A	A
-9	L	L	L	L	L	L	L	L	L	L	L	L
-8	T	T	T	T	T	T	T	T	T	T	T	T
-7	T	T	T	T	T	T	T	T	T	T	T	T
-6	V	V	V	M	V	V	V	V	V	V	V	V
-5	M	M	M	M	M	M	T	M	M	M	M	M
-4	S	S	S	S	S	S	S	S	S	S	S	S
-3	P	P	P	P	P	P	P	P	P	P	P	P
-2	C	C	C	C	C	C	C	C	C	C	C	C
-1	G	G	G	G	G	G	G	G	G	G	G	G
0	G	G	G	G	G	G	G	G	G	G	G	G
1	E	E	E	E	E	E	E	E	E	E	E	E
2	D	D	D	G	D	D	D	D	D	D	D	D
3	I	I	I	I	I	I	I	I	I	I	I	I
4	V	V	V	V	V	V	V	V	V	V	V	V
5	A	A	A	A	A	A	A	A	A	A	A	A
6	D	D	D	D	D	D	D	D	D	D	D	D
7	H	H	H	H	H	H	H	H	H	H	H	H
8	V	V	V	V	V	V	V	V	V	V	V	V
9	A	A	A	A	A	A	A	A	A	A	A	A
10	S	S	S	S	S	S	S	S	S	S	S	S
11	C	C	C	C	Y	Y	Y	Y	Y	Y	Y	Y
12	G	G	G	G	G	G	G	G	G	G	G	G
13	V	V	V	V	V	V	V	V	V	V	V	V
14	N	N	N	N	N	N	N	N	N	N	N	N
15	L	L	L	L	L	L	L	L	L	L	L	L
16	Y	Y	Y	Y	Y	Y	Y	Y	Y	Y	Y	Y
17	Q	Q	Q	Q	Q	Q	Q	Q	Q	Q	Q	Q
18	F	F	F	F	S	S	S	S	S	S	S	S
19	Y	Y	Y	Y	Y	Y	Y	Y	Y	Y	Y	Y
20	G	G	G	G	G	G	G	G	G	G	G	G
21	P	P	P	P	P	P	P	P	P	P	P	P
22	S	S	S	S	S	S	S	S	S	S	S	S
23	G	G	G	G	G	G	G	G	G	G	G	G
24	Q	Q	Q	Q	Q	Q	Q	Q	Q	Q	Q	Q
25	Y	Y	F	Y	F	Y	Y	Y	Y	Y	Y	F
26	T	T	T	T	T	S	S	T	T	T	T	T
27	H	H	H	H	H	H	H	H	H	H	H	H
28	E	E	E	E	E	E	E	E	E	E	E	E
29	F	F	F	F	F	F	F	F	F	F	F	F
30	D	D	D	D	D	D	D	D	D	D	D	D
31	G	G	G	G	G	G	G	G	G	G	G	G
32	D	D	D	D	D	D	D	D	D	D	D	D
33	E	E	E	E	E	E	E	E	E	E	E	E
34	E	Q	Q	E	E	E	E	Q	Q	Q	Q	Q
35	F	F	F	F	F	F	F	F	F	F	F	F
36	Y	Y	Y	Y	Y	Y	Y	Y	Y	Y	Y	Y
37	V	V	V	V	V	V	V	V	V	V	V	V
38	D	D	D	D	D	D	D	D	D	D	D	D
39	L	L	L	L	L	L	L	L	L	L	L	L
40	E	E	E	E	E	E	E	G	G	G	G	G
41	R	R	K	R	R	R	R	R	R	R	R	R
42	K	K	K	K	K	K	K	K	K	K	K	K
43	E	E	E	E	E	E	E	E	E	E	E	E
44	T	T	T	T	T	T	T	T	T	T	T	T
45	A	A	A	A	V	V	V	V	V	V	V	V
46	W	W	W	W	W	W	W	W	W	W	W	W
47	R	R	R	R	K	Q	Q	C	C	C	C	C
48	W	W	W	W	L	L	L	L	L	L	L	L
49	P	P	P	P	P	P	P	P	P	P	P	P
50	E	E	E	E	L	L	L	V	V	V	V	V
51	F	F	F	F	F	F	F	L	L	L	L	L
52	S	S	S	S	H	R	R	R	R	R	R	R
53	K	K	K	K	R	R	R	Q	Q	Q	Q	Q
54	F	F	F	F	L	F	F	F	F	F	F	F
55	G	G	G	G	del	R	R	del	del	del	del	del
56	G	G	G	G	R	R	R	R	R	R	R	R
57	F	F	F	F	F	F	F	F	F	F	F	F
58	D	D	D	D	D	D	D	D	D	D	D	D
59	P	P	P	P	P	P	P	P	P	P	P	P
60	Q	Q	Q	Q	Q	Q	Q	Q	Q	Q	Q	Q
61	G	G	G	G	F	F	F	F	F	F	F	F
62	A	A	A	A	A	A	A	A	A	A	A	A
63	L	L	L	L	L	L	L	L	L	L	L	L
64	R	R	R	R	T	T	T	T	T	T	T	T
65	N	N	N	N	N	N	N	N	N	N	N	N
66	M	M	M	M	I	I	I	I	I	I	I	I
67	A	A	A	A	A	A	A	A	A	A	A	A
68	V	V	V	V	V	V	V	V	V	V	V	V
69	A	A	A	A	L	L	L	T	L	L	L	T
70	K	K	K	K	K	K	K	K	K	K	K	K
71	H	H	H	H	H	H	H	H	H	H	H	H
72	N	N	N	N	N	N	N	N	N	N	N	N
73	L	L	L	L	L	L	L	L	L	L	L	L
74	N	N	N	N	N	N	N	N	N	N	N	N
75	I	I	I	I	I	I	I	I	S	S	S	I
76	M	M	M	M	L	V	V	L	L	L	L	L
77	I	I	I	I	I	I	I	I	I	I	I	I
78	K	K	K	K	K	K	K	K	K	K	K	K
79	R	R	R	R	R	R	R	R	R	R	R	R
80	Y	Y	Y	Y	S	S	S	S	S	S	S	S
81	N	N	N	N	N	N	N	N	N	N	N	N
82	S	S	S	S	S	S	S	S	S	S	S	S
83	T	T	T	T	T	T	T	T	T	T	T	T
84	A	A	A	A	A	A	A	A	A	A	A	A
85	A	A	A	A	A	A	A	A	A	A	A	A
86	T	T	T	T	T	T	T	T	T	T	T	T
87	N	N	N	N	N	N	N	N	N	N	N	N
88	E	E	E	E	E	E	E	E	E	E	E	E
89	V	V	V	V	V	V	V	V	V	V	V	V
90	P	P	P	P	P	P	P	P	P	P	P	P
91	E	E	E	E	E	E	E	E	E	E	E	E
92	V	V	V	V	V	V	V	V	V	V	V	V
93	T	T	T	T	T	T	T	T	T	T	T	T
94	V	V	V	V	V	V	V	V	V	V	V	V
95	F	F	F	F	F	F	F	F	F	F	F	F
96	S	S	S	S	S	S	S	S	S	S	S	S
97	K	K	K	K	K	K	K	K	K	K	K	K
98	S	S	S	S	S	S	S	S	S	S	S	S
99	P	P	P	P	P	P	P	P	P	P	P	P
100	V	V	V	V	V	V	V	V	V	V	V	V
101	T	T	T	T	T	T	T	T	T	T	T	T
102	L	L	L	L	L	L	L	L	L	L	L	L
103	G	G	G	G	G	G	G	G	G	G	G	G
104	Q	Q	Q	Q	Q	Q	Q	Q	Q	Q	Q	Q
105	P	P	P	P	P	P	P	P	P	P	P	P
106	N	N	N	N	N	N	N	N	N	N	N	N
107	T	T	T	T	T	T	T	T	I	I	I	T
108	L	L	L	L	L	L	L	L	L	L	L	L
109	I	I	I	I	I	I	I	I	I	I	I	I
110	C	C	C	C	C	C	C	C	C	C	C	C
111	L	L	L	L	L	L	L	L	L	L	L	L
112	V	V	V	V	V	V	V	V	V	V	V	V
113	D	D	D	D	D	D	D	D	D	D	D	D
114	N	N	N	N	N	N	N	N	N	N	N	N
115	I	I	I	I	I	I	I	I	I	I	I	I
116	F	F	F	F	F	F	F	F	F	F	F	F
117	P	P	P	P	P	P	P	P	P	P	P	P
118	P	P	P	P	P	P	P	P	P	P	P	P
119	V	V	V	V	V	V	V	V	V	V	V	V
120	V	V	V	V	V	V	V	V	V	V	V	V
121	N	N	N	N	N	N	N	N	N	N	N	N
122	I	I	I	I	I	I	I	I	I	I	I	I
123	T	T	T	T	T	T	T	T	T	T	T	T
124	W	W	W	W	W	W	W	W	W	W	W	W
125	L	L	L	L	L	L	L	L	L	L	L	L
126	S	S	S	S	S	S	S	S	S	S	S	S
127	N	N	N	N	N	N	N	N	N	N	N	N
128	G	G	G	G	G	G	G	G	G	G	G	G
129	Q	Q	H	Q	H	H	H	H	H	H	H	H
130	S	S	A	S	S	S	S	S	S	S	S	S
131	V	V	V	V	V	V	V	V	V	V	V	V
132	T	T	T	T	T	T	T	T	T	T	T	T
133	E	E	E	E	E	E	E	E	E	E	E	E
134	G	G	G	G	G	G	G	G	G	G	G	G
135	V	V	V	V	V	V	V	V	V	V	V	V
136	S	S	S	S	S	S	S	S	S	S	S	S
137	E	E	E	E	E	E	E	E	E	E	E	E
138	T	T	T	T	T	T	T	T	T	T	T	T
139	S	S	S	S	S	S	S	S	S	S	S	S
140	F	F	F	F	F	F	F	F	F	F	F	F
141	L	L	L	L	L	L	L	L	L	L	L	L
142	S	S	S	S	S	S	S	S	S	S	S	S
143	K	K	K	K	K	K	K	K	K	K	K	K
144	S	S	S	S	S	S	S	S	S	S	S	S
145	D	D	D	D	D	D	D	D	D	D	D	D
146	H	H	H	H	H	H	H	H	H	H	H	H
147	S	S	S	S	S	S	S	S	S	S	S	S
148	F	F	F	F	F	F	F	F	F	F	F	F
149	F	F	F	F	F	F	F	F	F	F	F	F
150	K	K	K	K	K	K	K	K	K	K	K	K
151	I	I	I	I	I	I	I	I	I	I	I	I
152	S	S	S	S	S	S	S	S	S	S	S	S
153	Y	Y	Y	Y	Y	Y	Y	Y	Y	Y	Y	Y
154	L	L	L	L	L	L	L	L	L	L	L	L
155	T	T	T	T	T	T	T	T	T	T	T	T
156	F	F	F	F	F	F	F	F	L	L	L	F
157	L	L	L	L	L	L	L	L	L	L	L	L
158	P	P	P	P	P	P	P	P	P	P	P	P
159	S	S	S	S	S	S	S	S	S	S	S	S
160	A	A	A	A	A	A	D	A	A	S	A	A
161	D	D	D	D	D	D	D	D	E	E	E	D
162	E	E	E	E	E	E	E	E	E	E	E	E
163	I	I	I	I	I	I	I	I	S	S	S	I
164	Y	Y	Y	Y	Y	Y	Y	Y	Y	Y	Y	Y
165	D	D	D	D	D	D	D	D	D	D	D	D
166	C	C	C	C	C	C	C	C	C	C	C	C
167	K	K	K	K	K	K	K	K	K	K	K	K
168	V	V	V	V	V	V	V	V	V	V	V	V
169	E	E	E	E	E	E	E	E	E	E	E	E
170	H	H	H	H	H	H	H	H	H	H	H	H
171	W	W	W	W	W	W	W	W	W	W	W	W
172	G	G	G	G	G	G	G	G	G	G	G	G
173	L	L	L	L	L	L	L	L	L	L	L	L
174	D	D	D	D	D	D	D	D	D	D	D	D
175	Q	Q	Q	Q	E	E	E	E	K	K	K	E
176	P	P	P	P	P	P	P	P	P	P	P	P
177	L	L	L	L	L	L	L	L	L	L	L	L
178	L	L	L	L	L	L	L	L	L	L	L	L
179	K	K	K	K	K	K	K	K	K	K	K	K
180	H	H	H	H	H	H	H	H	H	H	H	H
181	W	W	W	W	W	W	W	W	W	W	W	W
182	E	E	E	E	E	E	E	E	E	E	E	E
183	P	P	P	P	P	P	P	P	P	P	P	P
184	E	E	E	E	E	E	E	E	E	E	E	E
185	I	I	I	I	I	I	I	I	I	I	I	I
186	P	P	P	P	P	P	P	P	P	P	P	P
187	A	A	A	A	A	T	T	A	A	A	A	A
188	P	P	P	P	P	P	P	P	P	P	P	P
189	M	M	M	M	M	M	M	M	M	M	M	M
190	S	S	S	S	S	S	S	S	S	S	S	S
191	E	E	E	E	E	E	E	E	E	E	E	E
192	L	L	L	L	L	L	L	L	L	L	L	L
193	T	T	T	T	T	T	T	T	T	T	T	T
194	E	E	E	E	E	E	E	E	E	E	E	E
195	T	T	T	T	T	T	T	T	T	T	T	T
196	V	V	V	V	V	V	V	V	V	V	V	V
197	V	V	V	V	V	V	V	V	V	V	V	V
198	C	C	C	C	C	C	C	C	C	C	C	C
199	A	A	A	T	A	A	A	A	A	A	A	A
200	L	L	L	L	L	L	L	L	L	L	L	L
201	G	G	G	G	G	G	G	G	G	G	G	G
202	L	L	L	L	L	L	L	L	L	L	L	L
203	S	S	S	S	S	S	S	S	S	S	S	S
204	V	V	V	V	V	V	V	V	V	V	V	V
205	G	G	G	G	G	G	G	G	G	G	G	G
206	L	L	L	L	L	L	L	L	L	L	L	L
207	V	M	V	V	V	V	V	V	V	V	V	V
208	G	G	G	G	G	G	G	G	G	G	G	G
209	I	I	I	I	I	I	I	I	I	I	I	I
210	V	V	V	V	V	V	V	V	V	V	V	V
211	V	V	V	V	V	V	V	V	V	V	V	V
212	G	G	G	G	G	G	G	G	G	G	G	G
213	T	T	T	T	T	T	T	T	T	T	T	T
214	V	V	V	V	V	V	V	V	V	V	V	V
215	F	F	F	F	L	L	L	F	F	F	F	F
216	I	I	I	I	I	I	I	I	I	I	I	I
217	I	I	I	I	I	I	I	I	I	I	I	I
218	Q	Q	Q	Q	R	R	R	R	R	R	R	R
219	G	G	G	G	G	G	G	G	G	G	G	G
220	L	L	L	L	L	L	L	L	L	L	L	L
221	R	R	R	R	R	R	R	R	R	R	R	R
222	S	S	S	S	S	S	S	S	S	S	S	S
223	V	V	V	V	V	V	V	V	V	V	V	V
224	G	G	G	G	G	G	G	G	G	G	G	G
225	A	A	A	A	A	A	A	A	A	A	A	A
226	S	S	S	S	S	S	S	S	S	S	S	S
227	R	R	R	R	R	R	R	R	R	R	R	R
228	H	H	H	H	H	H	H	H	H	H	H	H
229	Q	Q	Q	Q	Q	Q	Q	Q	Q	Q	Q	Q
230	G	G	G	G	G	G	G	G	G	G	G	G
231	P	P	P	P	P	P	P	P	P	P	P	P
232	L	L	L	L	L	L	L	L	L	L	L	L
