residue_number	HLA-DQB1*05:01:01:01	HLA-DQB1*02:01:01:01	HLA-DQB1*02:02:01:01	HLA-DQB1*03:01:01:01	HLA-DQB1*03:02:01:01	HLA-DQB1*03:03:02:01	HLA-DQB1*03:04:01:01	HLA-DQB1*03:05:01	HLA-DQB1*04:01:01:01	HLA-DQB1*04:02:01:01	HLA-DQB1*05:02:01:01	HLA-DQB1*05:03:01:01	HLA-DQB1*05:04:01	HLA-DQB1*06:01:01:01	HLA-DQB1*06:02:01:01	HLA-DQB1*06:03:01:01	HLA-DQB1*06:04:01:01	HLA-DQB1*06:09:01:01
-31	M	M	M	M	M	M	M	M	M	M	M	M	M	M	M	M	M	M
-30	S	S	S	S	S	S	S	S	S	S	S	S	S	S	S	S	S	S
-29	W	W	W	W	W	W	W	W	W	W	W	W	W	W	W	W	W	W
-28	K	K	K	K	K	K	K	K	K	K	K	K	K	K	K	K	K	K
-27	K	K	K	K	K	K	K	K	K	K	K	K	K	K	K	K	K	K
-26	S	A	A	A	A	A	A	A	A	A	S	S	S	A	A	A	A	A
-25	L	L	L	L	L	L	L	L	L	L	L	L	L	L	L	L	L	L
-24	R	R	R	R	R	R	R	R	R	R	R	R	R	R	R	R	R	R
-23	I	I	I	I	I	I	I	I	I	I	I	I	I	I	I	I	I	I
-22	P	P	P	P	P	P	P	P	P	P	P	P	P	P	P	P	P	P
-21	G	G	G	G	G	G	G	G	G	G	G	G	G	G	G	G	G	G
-20	D	G	G	G	G	G	G	G	G	G	D	D	D	G	D	D	D	D
-19	L	L	L	L	L	L	L	L	L	L	L	L	L	L	L	L	L	L
-18	R	R	R	R	R	R	R	R	R	R	R	R	R	R	R	R	R	R
-17	V	A	A	A	V	V	A	V	V	V	V	V	V	A	V	V	V	V
-16	A	A	A	A	A	A	A	A	A	A	A	A	A	P	A	A	A	A
-15	T	T	T	T	T	T	T	T	T	T	T	T	T	T	T	T	T	T
-14	V	V	V	V	V	V	V	V	V	V	V	V	V	V	V	V	V	V
-13	T	T	T	T	T	T	T	T	T	T	T	T	T	T	T	T	T	T
-12	L	L	L	L	L	L	L	L	L	L	L	L	L	L	L	L	L	L
-11	M	M	M	M	M	M	M	M	M	M	M	M	M	M	M	M	M	M
-10	L	L	L	L	L	L	L	L	L	L	L	L	L	L	L	L	L	L
-9	A	S	S	A	A	A	A	A	A	A	A	A	A	A	A	A	A	A
-8	I	M	M	M	M	M	M	M	M	M	I	I	I	M	M	M	M	M
-7	L	L	L	L	L	L	L	L	L	L	L	L	L	L	L	L	L	L
-6	S	S	S	S	S	S	S	S	S	S	S	S	S	S	S	S	S	S
-5	S	T	T	T	T	T	T	T	T	T	S	S	S	T	S	S	S	S
-4	S	P	P	P	P	P	P	P	P	P	S	S	S	P	L	L	L	L
-3	L	V	V	V	V	V	V	V	V	V	L	L	L	V	L	L	L	L
-2	A	A	A	A	A	A	A	A	A	A	A	A	A	A	A	A	A	A
-1	E	E	E	E	E	E	E	E	E	E	E	E	E	E	E	E	E	E
0	G	G	G	G	G	G	G	G	G	G	G	G	G	G	G	G	G	G
1	R	R	R	R	R	R	R	R	R	R	R	R	R	R	R	R	R	R
2	D	D	D	D	D	D	D	D	D	D	D	D	D	D	D	D	D	D
3	S	S	S	S	S	S	S	S	S	S	S	S	S	P	S	S	S	S
4	P	P	P	P	P	P	P	P	P	P	P	P	P	P	P	P	P	P
5	E	E	E	E	E	E	E	E	E	E	E	E	E	E	E	E	E	E
6	D	D	D	D	D	D	D	D	D	D	D	D	D	D	D	D	D	D
7	F	F	F	F	F	F	F	F	F	F	F	F	F	F	F	F	F	F
8	V	V	V	V	V	V	V	V	V	V	V	V	V	V	V	V	V	V
9	Y	Y	Y	Y	Y	Y	Y	Y	F	F	Y	Y	Y	L	F	Y	Y	Y
10	Q	Q	Q	Q	Q	Q	Q	Q	Q	Q	Q	Q	Q	Q	Q	Q	Q	Q
11	F	F	F	F	F	F	F	F	F	F	F	F	F	F	F	F	F	F
12	K	K	K	K	K	K	K	K	K	K	K	K	K	K	K	K	K	K
13	G	G	G	A	G	G	A	G	G	G	G	G	G	A	G	G	G	G
14	L	M	M	M	M	M	M	M	M	M	L	L	L	M	M	M	M	M
15	C	C	C	C	C	C	C	C	C	C	C	C	C	C	C	C	C	C
16	Y	Y	Y	Y	Y	Y	Y	Y	Y	Y	Y	Y	Y	Y	Y	Y	Y	Y
17	F	F	F	F	F	F	F	F	F	F	F	F	F	F	F	F	F	F
18	T	T	T	T	T	T	T	T	T	T	T	T	T	T	T	T	T	T
19	N	N	N	N	N	N	N	N	N	N	N	N	N	N	N	N	N	N
20	G	G	G	G	G	G	G	G	G	G	G	G	G	G	G	G	G	G
21	T	T	T	T	T	T	T	T	T	T	T	T	T	T	T	T	T	T
22	E	E	E	E	E	E	E	E	E	E	E	E	E	E	E	E	E	E
23	R	R	R	R	R	R	R	R	L	R	R	R	R	R	R	R	R	R
24	V	V	V	V	V	V	V	V	V	V	V	V	V	V	V	V	V	V
25	R	R	R	R	R	R	R	R	R	R	R	R	R	R	R	R	R	R
26	G	L	L	Y	L	L	Y	G	G	G	G	G	G	Y	L	L	L	L
27	V	V	V	V	V	V	V	V	V	V	V	V	V	V	V	V	V	V
28	T	S	S	T	T	T	T	T	T	T	T	T	T	T	T	T	T	T
29	R	R	R	R	R	R	R	R	R	R	R	R	R	R	R	R	R	R
30	H	S	S	Y	Y	Y	Y	Y	Y	Y	H	H	Y	Y	Y	H	H	Y
31	I	I	I	I	I	I	I	I	I	I	I	I	I	I	I	I	I	I
32	Y	Y	Y	Y	Y	Y	Y	Y	Y	Y	Y	Y	Y	Y	Y	Y	Y	Y
33	N	N	N	N	N	N	N	N	N	N	N	N	N	N	N	N	N	N
34	R	R	R	R	R	R	R	R	R	R	R	R	R	R	R	R	R	R
35	E	E	E	E	E	E	E	E	E	E	E	E	E	E	E	E	E	E
36	E	E	E	E	E	E	E	E	E	E	E	E	E	E	E	E	E	E
37	Y	I	I	Y	Y	Y	Y	Y	Y	Y	Y	Y	Y	D	Y	Y	Y	Y
38	V	V	V	A	A	A	A	A	A	A	V	V	V	V	A	A	A	A
39	R	R	R	R	R	R	R	R	R	R	R	R	R	R	R	R	R	R
40	F	F	F	F	F	F	F	F	F	F	F	F	F	F	F	F	F	F
41	D	D	D	D	D	D	D	D	D	D	D	D	D	D	D	D	D	D
42	S	S	S	S	S	S	S	S	S	S	S	S	S	S	S	S	S	S
43	D	D	D	D	D	D	D	D	D	D	D	D	D	D	D	D	D	D
44	V	V	V	V	V	V	V	V	V	V	V	V	V	V	V	V	V	V
45	G	G	G	E	G	G	E	G	G	G	G	G	G	G	G	G	G	G
46	V	E	E	V	V	V	V	V	V	V	V	V	V	V	V	V	V	V
47	Y	F	F	Y	Y	Y	Y	Y	Y	Y	Y	Y	Y	Y	Y	Y	Y	Y
48	R	R	R	R	R	R	R	R	R	R	R	R	R	R	R	R	R	R
49	A	A	A	A	A	A	A	A	A	A	A	A	A	A	A	A	A	A
50	V	V	V	V	V	V	V	V	V	V	V	V	V	V	V	V	V	V
51	T	T	T	T	T	T	T	T	T	T	T	T	T	T	T	T	T	T
52	P	L	L	P	P	P	P	P	P	P	P	P	P	P	P	P	P	P
53	Q	L	L	L	L	L	L	L	L	L	Q	Q	Q	Q	Q	Q	Q	Q
54	G	G	G	G	G	G	G	G	G	G	G	G	G	G	G	G	G	G
55	R	L	L	P	P	P	P	P	R	R	R	R	R	R	R	R	R	R
56	P	P	P	P	P	P	P	P	L	L	P	P	P	P	P	P	P	P
57	V	A	A	D	A	D	A	A	D	D	S	D	S	D	D	D	V	V
58	A	A	A	A	A	A	A	A	A	A	A	A	A	A	A	A	A	A
59	E	E	E	E	E	E	E	E	E	E	E	E	E	E	E	E	E	E
60	Y	Y	Y	Y	Y	Y	Y	Y	Y	Y	Y	Y	Y	Y	Y	Y	Y	Y
61	W	W	W	W	W	W	W	W	W	W	W	W	W	W	W	W	W	W
62	N	N	N	N	N	N	N	N	N	N	N	N	N	N	N	N	N	N
63	S	S	S	S	S	S	S	S	S	S	S	S	S	S	S	S	S	S
64	Q	Q	Q	Q	Q	Q	Q	Q	Q	Q	Q	Q	Q	Q	Q	Q	Q	Q
65	K	K	K	K	K	K	K	K	K	K	K	K	K	K	K	K	K	K
66	E	D	D	E	E	E	E	E	D	D	E	E	D	D	E	E	E	E
67	V	I	I	V	V	V	V	V	I	I	V	V	I	I	V	V	V	V
68	L	L	L	L	L	L	L	L	L	L	L	L	L	L	L	L	L	L
69	E	E	E	E	E	E	E	E	E	E	E	E	E	E	E	E	E	E
70	G	R	R	R	R	R	R	R	E	E	G	G	E	R	G	G	R	R
71	A	K	K	T	T	T	T	T	D	D	A	A	D	T	T	T	T	T
72	R	R	R	R	R	R	R	R	R	R	R	R	R	R	R	R	R	R
73	A	A	A	A	A	A	A	A	A	A	A	A	A	A	A	A	A	A
74	S	A	A	E	E	E	E	E	S	S	S	S	S	E	E	E	E	E
75	V	V	V	L	L	L	L	L	V	V	V	V	V	L	L	L	L	L
76	D	D	D	D	D	D	D	D	D	D	D	D	D	D	D	D	D	D
77	R	R	R	T	T	T	T	T	T	T	R	R	R	T	T	T	T	T
78	V	V	V	V	V	V	V	V	V	V	V	V	V	V	V	V	V	V
79	C	C	C	C	C	C	C	C	C	C	C	C	C	C	C	C	C	C
80	R	R	R	R	R	R	R	R	R	R	R	R	R	R	R	R	R	R
81	H	H	H	H	H	H	H	H	H	H	H	H	H	H	H	H	H	H
82	N	N	N	N	N	N	N	N	N	N	N	N	N	N	N	N	N	N
83	Y	Y	Y	Y	Y	Y	Y	Y	Y	Y	Y	Y	Y	Y	Y	Y	Y	Y
84	E	Q	Q	Q	Q	Q	Q	Q	Q	Q	E	E	E	E	E	E	E	E
85	V	L	L	L	L	L	L	L	L	L	V	V	V	V	V	V	V	V
86	A	E	E	E	E	E	E	E	E	E	A	A	A	A	A	A	G	G
87	Y	L	L	L	L	L	L	L	L	L	Y	Y	Y	F	F	F	Y	Y
88	R	R	R	R	R	R	R	R	R	R	R	R	R	R	R	R	R	R
89	G	T	T	T	T	T	T	T	T	T	G	G	G	G	G	G	G	G
90	I	T	T	T	T	T	T	T	T	T	I	I	I	I	I	I	I	I
91	L	L	L	L	L	L	L	L	L	L	L	L	L	L	L	L	L	L
92	Q	Q	Q	Q	Q	Q	Q	Q	Q	Q	Q	Q	Q	Q	Q	Q	Q	Q
93	R	R	R	R	R	R	R	R	R	R	R	R	R	R	R	R	R	R
94	R	R	R	R	R	R	R	R	R	R	R	R	R	R	R	R	R	R
95	V	V	V	V	V	V	V	V	V	V	V	V	V	V	V	V	V	V
96	E	E	E	E	E	E	E	E	E	E	E	E	E	E	E	E	E	E
97	P	P	P	P	P	P	P	P	P	P	P	P	P	P	P	P	P	P
98	T	T	T	T	T	T	T	T	T	T	T	T	T	T	T	T	T	T
99	V	V	V	V	V	V	V	V	V	V	V	V	V	V	V	V	V	V
100	T	T	T	T	T	T	T	T	T	T	T	T	T	T	T	T	T	T
101	I	I	I	I	I	I	I	I	I	I	I	I	I	I	I	I	I	I
102	S	S	S	S	S	S	S	S	S	S	S	S	S	S	S	S	S	S
103	P	P	P	P	P	P	P	P	P	P	P	P	P	P	P	P	P	P
104	S	S	S	S	S	S	S	S	S	S	S	S	S	S	S	S	S	S
105	R	R	R	R	R	R	R	R	R	R	R	R	R	R	R	R	R	R
106	T	T	T	T	T	T	T	T	T	T	T	T	T	T	T	T	T	T
107	E	E	E	E	E	E	E	E	E	E	E	E	E	E	E	E	E	E
108	A	A	A	A	A	A	A	A	A	A	A	A	A	A	A	A	A	A
109	L	L	L	L	L	L	L	L	L	L	L	L	L	L	L	L	L	L
110	N	N	N	N	N	N	N	N	N	N	N	N	N	N	N	N	N	N
111	H	H	H	H	H	H	H	H	H	H	H	H	H	H	H	H	H	H
112	H	H	H	H	H	H	H	H	H	H	H	H	H	H	H	H	H	H
113	N	N	N	N	N	N	N	N	N	N	N	N	N	N	N	N	N	N
114	L	L	L	L	L	L	L	L	L	L	L	L	L	L	L	L	L	L
115	L	L	L	L	L	L	L	L	L	L	L	L	L	L	L	L	L	L
116	I	V	V	V	V	V	V	V	V	V	I	I	I	V	V	V	V	V
117	C	C	C	C	C	C	C	C	C	C	C	C	C	C	C	C	C	C
118	S	S	S	S	S	S	S	S	S	S	S	S	S	S	S	S	S	S
119	V	V	V	V	V	V	V	V	V	V	V	V	V	V	V	V	V	V
120	T	T	T	T	T	T	T	T	T	T	T	T	T	T	T	T	T	T
121	D	D	D	D	D	D	D	D	D	D	D	D	D	D	D	D	D	D
122	F	F	F	F	F	F	F	F	F	F	F	F	F	F	F	F	F	F
123	Y	Y	Y	Y	Y	Y	Y	Y	Y	Y	Y	Y	Y	Y	Y	Y	Y	Y
124	P	P	P	P	P	P	P	P	P	P	P	P	P	P	P	P	P	P
125	S	A	A	A	A	A	A	A	A	A	S	S	S	G	G	G	G	G
126	Q	Q	Q	Q	Q	Q	Q	Q	Q	Q	H	Q	H	Q	Q	Q	Q	Q
127	I	I	I	I	I	I	I	I	I	I	I	I	I	I	I	I	I	I
128	K	K	K	K	K	K	K	K	K	K	K	K	K	K	K	K	K	K
129	V	V	V	V	V	V	V	V	V	V	V	V	V	V	V	V	V	V
130	R	R	R	R	R	R	R	R	R	R	R	R	R	R	R	R	Q	Q
131	W	W	W	W	W	W	W	W	W	W	W	W	W	W	W	W	W	W
132	F	F	F	F	F	F	F	F	F	F	F	F	F	F	F	F	F	F
133	R	R	R	R	R	R	R	R	R	R	R	R	R	R	R	R	R	R
134	N	N	N	N	N	N	N	N	N	N	N	N	N	N	N	N	N	N
135	D	D	G	D	D	D	D	D	D	D	D	D	D	D	D	D	D	D
136	Q	Q	Q	Q	Q	Q	Q	Q	Q	Q	Q	Q	Q	Q	Q	Q	Q	Q
137	E	E	E	E	E	E	E	E	E	E	E	E	E	E	E	E	E	E
138	E	E	E	E	E	E	E	E	E	E	E	E	E	E	E	E	E	E
139	T	T	T	T	T	T	T	T	T	T	T	T	T	T	T	T	T	T
140	A	A	A	T	T	T	T	T	T	T	A	A	A	A	A	A	A	A
141	G	G	G	G	G	G	G	G	G	G	G	G	G	G	G	G	G	G
142	V	V	V	V	V	V	V	V	V	V	V	V	V	V	V	V	V	V
143	V	V	V	V	V	V	V	V	V	V	V	V	V	V	V	V	V	V
144	S	S	S	S	S	S	S	S	S	S	S	S	S	S	S	S	S	S
145	T	T	T	T	T	T	T	T	T	T	T	T	T	T	T	T	T	T
146	P	P	P	P	P	P	P	P	P	P	P	P	P	P	P	P	P	P
147	L	L	L	L	L	L	L	L	L	L	L	L	L	L	L	L	L	L
148	I	I	I	I	I	I	I	I	I	I	I	I	I	I	I	I	I	I
149	R	R	R	R	R	R	R	R	R	R	R	R	R	R	R	R	R	R
150	N	N	N	N	N	N	N	N	N	N	N	N	N	N	N	N	N	N
151	G	G	G	G	G	G	G	G	G	G	G	G	G	G	G	G	G	G
152	D	D	D	D	D	D	D	D	D	D	D	D	D	D	D	D	D	D
153	W	W	W	W	W	W	W	W	W	W	W	W	W	W	W	W	W	W
154	T	T	T	T	T	T	T	T	T	T	T	T	T	T	T	T	T	T
155	F	F	F	F	F	F	F	F	F	F	F	F	F	F	F	F	F	F
156	Q	Q	Q	Q	Q	Q	Q	Q	Q	Q	Q	Q	Q	Q	Q	Q	Q	Q
157	I	I	I	I	I	I	I	I	I	I	I	I	I	I	I	I	I	I
158	L	L	L	L	L	L	L	L	L	L	L	L	L	L	L	L	L	L
159	V	V	V	V	V	V	V	V	V	V	V	V	V	V	V	V	V	V
160	M	M	M	M	M	M	M	M	M	M	M	M	M	M	M	M	M	M
161	L	L	L	L	L	L	L	L	L	L	L	L	L	L	L	L	L	L
162	E	E	E	E	E	E	E	E	E	E	E	E	E	E	E	E	E	E
163	M	M	M	M	M	M	M	M	M	M	M	M	M	M	M	M	M	M
164	T	T	T	T	T	T	T	T	T	T	T	T	T	T	T	T	T	T
165	P	P	P	P	P	P	P	P	P	P	P	P	P	P	P	P	P	P
166	Q	Q	Q	Q	Q	Q	Q	Q	Q	Q	Q	Q	Q	Q	Q	Q	Q	Q
167	R	R	R	H	R	R	H	R	R	R	R	R	R	H	R	R	R	R
168	G	G	G	G	G	G	G	G	G	G	G	G	G	G	G	G	G	G
169	D	D	D	D	D	D	D	D	D	D	D	D	D	D	D	D	D	D
170	V	V	V	V	V	V	V	V	V	V	V	V	V	V	V	V	V	V
171	Y	Y	Y	Y	Y	Y	Y	Y	Y	Y	Y	Y	Y	Y	Y	Y	Y	Y
172	T	T	T	T	T	T	T	T	T	T	T	T	T	T	T	T	T	T
173	C	C	C	C	C	C	C	C	C	C	C	C	C	C	C	C	C	C
174	H	H	H	H	H	H	H	H	H	H	H	H	H	H	H	H	H	H
175	V	V	V	V	V	V	V	V	V	V	V	V	V	V	V	V	V	V
176	E	E	E	E	E	E	E	E	E	E	E	E	E	E	E	E	E	E
177	H	H	H	H	H	H	H	H	H	H	H	H	H	H	H	H	H	H
178	P	P	P	P	P	P	P	P	P	P	P	P	P	P	P	P	P	P
179	S	S	S	S	S	S	S	S	S	S	S	S	S	S	S	S	S	S
180	L	L	L	L	L	L	L	L	L	L	L	L	L	L	L	L	L	L
181	Q	Q	Q	Q	Q	Q	Q	Q	Q	Q	Q	Q	Q	Q	Q	Q	Q	Q
182	S	S	S	N	N	N	N	N	N	N	S	S	S	S	S	S	S	S
183	P	P	P	P	P	P	P	P	P	P	P	P	P	P	P	P	P	P
184	I	I	I	I	I	I	I	I	I	I	I	I	I	I	I	I	I	I
185	T	T	T	T	I	I	T	I	I	I	T	T	T	T	T	T	T	T
186	V	V	V	V	V	V	V	V	V	V	V	V	V	V	V	V	V	V
187	E	E	E	E	E	E	E	E	E	E	E	E	E	E	E	E	E	E
188	W	W	W	W	W	W	W	W	W	W	W	W	W	W	W	W	W	W
189	R	R	R	R	R	R	R	R	R	R	R	R	R	R	R	R	R	R
190	A	A	A	A	A	A	A	A	A	A	A	A	A	A	A	A	A	A
191	Q	Q	Q	Q	Q	Q	Q	Q	Q	Q	Q	Q	Q	Q	Q	Q	Q	Q
192	S	S	S	S	S	S	S	S	S	S	S	S	S	S	S	S	S	S
193	E	E	E	E	E	E	E	E	E	E	E	E	E	E	E	E	E	E
194	S	S	S	S	S	S	S	S	S	S	S	S	S	S	S	S	S	S
195	A	A	A	A	A	A	A	A	A	A	A	A	A	A	A	A	A	A
196	Q	Q	Q	Q	Q	Q	Q	Q	Q	Q	Q	Q	Q	Q	Q	Q	Q	Q
197	S	S	S	S	S	S	S	S	S	S	S	S	S	N	S	S	S	S
198	K	K	K	K	K	K	K	K	K	K	K	K	K	K	K	K	K	K
199	M	M	M	M	M	M	M	M	M	M	M	M	M	M	M	M	M	M
200	L	L	L	L	L	L	L	L	L	L	L	L	L	L	L	L	L	L
201	S	S	S	S	S	S	S	S	S	S	S	S	S	S	S	S	S	S
202	G	G	G	G	G	G	G	G	G	G	G	G	G	G	G	G	G	G
203	V	I	I	I	I	I	I	I	I	I	V	V	V	I	V	V	V	V
204	G	G	G	G	G	G	G	G	G	G	G	G	G	G	G	G	G	G
205	G	G	G	G	G	G	G	G	G	G	G	G	G	G	G	G	G	G
206	F	F	F	F	F	F	F	F	F	F	F	F	F	F	F	F	F	F
207	V	V	V	V	V	V	V	V	V	V	V	V	V	V	V	V	V	V
208	L	L	L	L	L	L	L	L	L	L	L	L	L	L	L	L	L	L
209	G	G	G	G	G	G	G	G	G	G	G	G	G	G	G	G	G	G
210	L	L	L	L	L	L	L	L	L	L	L	L	L	L	L	L	L	L
211	I	I	I	I	I	I	I	I	I	I	I	I	I	I	I	I	I	I
212	F	F	F	F	F	F	F	F	F	F	F	F	F	F	F	F	F	F
213	L	L	L	L	L	L	L	L	L	L	L	L	L	L	L	L	L	L
214	G	G	G	G	G	G	G	G	G	G	G	G	G	G	G	G	G	G
215	L	L	L	L	L	L	L	L	L	L	L	L	L	L	L	L	L	L
216	G	G	G	G	G	G	G	G	G	G	G	G	G	G	G	G	G	G
217	L	L	L	L	L	L	L	L	L	L	L	L	L	L	L	L	L	L
218	I	I	I	I	I	I	I	I	I	I	I	I	I	I	I	I	I	I
219	I	I	I	I	I	I	I	I	I	I	I	I	I	I	I	I	I	I
220	R	H	H	H	H	H	H	H	H	H	R	R	R	R	R	R	R	R
221	Q	H	H	H	H	H	H	H	H	H	Q	Q	Q	Q	Q	Q	Q	Q
222	R	R	R	R	R	R	R	R	R	R	R	R	R	R	R	R	R	R
223	S	S	S	S	S	S	S	S	S	S	S	S	S	S	S	S	S	S
224	R	Q	Q	Q	Q	Q	Q	Q	Q	Q	R	R	R	Q	Q	Q	Q	Q
225	K	K	K	K	K	K	K	K	K	K	K	K	K	K	K	K	K	K
226	G	G	G	G	G	G	G	G	G	G	G	G	G	G	G	G	G	G
227	del	del	del	del	del	del	del	del	del	del	del	P	del	P	del	del	del	del
228	del	del	del	del	del	del	del	del	del	del	del	Q	del	Q	del	del	del	del
229	del	del	del	del	del	del	del	del	del	del	del	G	del	G	del	del	del	del
230	del	del	del	del	del	del	del	del	del	del	del	P	del	P	del	del	del	del
231	del	del	del	del	del	del	del	del	del	del	del	P	del	P	del	del	del	del
232	del	del	del	del	del	del	del	del	del	del	del	P	del	P	del	del	del	del
233	del	del	del	del	del	del	del	del	del	del	del	A	del	A	del	del	del	del
234	del	del	del	del	del	del	del	del	del	del	del	G	del	G	del	del	del	del
235	L	L	L	L	L	L	L	L	L	L	L	L	L	L	L	L	L	L
236	L	L	L	L	L	L	L	L	L	L	L	L	L	L	L	L	L	L
237	H	H	H	H	H	H	H	H	H	H	H	H	H	H	H	H	H	H
